recorded_at,value_usd,twenty_four_hour_trading_volume_usd,SMA_100,SMA_200,EMA_50,EMA_100,VWAP,OBV,RSI,EMA_12,EMA_26,MACD,MACD_Signal,Bollinger_Mid,Bollinger_Std,Bollinger_Upper,Bollinger_Lower,High_Low,High_Close,Low_Close,True_Range,ATR,Money_Flow_Multiplier,Money_Flow_Volume,CMF,Lowest_Low,Highest_High,%K,%D
2024-05-03 00:00:00+00:00,62839.34073569376,28255509745.49032,,,62839.34073569376,62839.34073569376,62839.34073569376,0.0,50.0,62839.34073569376,62839.34073569376,0.0,0.0,,,,,0.0,,,0.0,,,,,,,,
2024-05-04 00:00:00+00:00,63329.89631930937,33591665812.212433,,,62858.57820956104,62849.054707646545,63105.78102303972,33591665812.212433,50.0,62914.810825480774,62875.67818633195,39.13263914882555,7.8265278297651095,,,,,0.0,490.5555836156127,490.5555836156127,490.5555836156127,,,,,,,,
2024-05-05 00:00:00+00:00,63556.60043024255,20510614461.479218,,,62885.95162997993,62863.065514034584,63218.0543495913,54102280273.69165,50.0,63013.547687751816,62926.116871066064,87.43081668575178,23.747385600962442,,,,,0.0,226.7041109331767,226.7041109331767,226.7041109331767,,,,,,,,
2024-05-06 00:00:00+00:00,63667.64728351578,18115695040.201984,,,62916.60636149114,62878.99782630154,63299.11741292977,72217975313.89363,50.0,63114.17839479243,62981.04504976604,133.13334502638463,45.62457748604688,,,,,0.0,111.04685327322659,111.04685327322659,111.04685327322659,,,,,,,,
2024-05-07 00:00:00+00:00,63181.84904644699,17917770174.27797,,,62927.008035410974,62884.9948801658,63281.36958488956,54300205139.61566,50.0,63124.58926427775,62995.91941989055,128.66984438719373,62.23363086627626,,,,,0.0,485.7982370687896,485.7982370687896,485.7982370687896,,,,,,,,
2024-05-08 00:00:00+00:00,62250.34749867465,19925137720.849453,,,62900.472328087984,62872.42760528479,63132.84592386678,34375067418.766205,50.0,62990.090531108035,62940.69187017086,49.39866093717865,59.666636880456736,,,,,0.0,931.5015477723355,931.5015477723355,931.5015477723355,,,,,,,,
2024-05-09 00:00:00+00:00,62242.38704786919,20303831135.373127,,,62874.665062197055,62859.9515546429,63018.864703912106,14071236283.393078,50.0,62875.059225994366,62888.9655870374,-13.906361043031211,44.952037295759155,,,,,0.0,7.960450805461733,7.960450805461733,7.960450805461733,,,,,,,,
2024-05-10 00:00:00+00:00,61750.77356715351,25837724247.550426,,,62830.590885920836,62837.98763409856,62841.23837006395,-11766487964.157349,50.0,62702.092201557316,62804.655067046,-102.56286548868229,15.449056738870862,,,,,0.0,491.6134807156777,491.6134807156777,491.6134807156777,,,,,,,,
2024-05-11 00:00:00+00:00,61604.596257280245,23987518755.480534,,,62782.51266518984,62813.56404247839,62698.927883355245,-35754006719.63788,50.0,62533.24667166854,62715.761821878164,-182.51515020962688,-24.143784650828685,,,,,0.0,146.1773098732665,146.1773098732665,146.1773098732665,,,,,,,,
2024-05-12 00:00:00+00:00,61057.41427762168,12120618802.065384,,,62714.8617480303,62778.788799609945,62608.7228974311,-47874625521.70326,50.0,62306.19553412287,62592.92126304435,-286.7257289214831,-76.66017350495957,,,,,0.0,547.1819796585623,547.1819796585623,547.1819796585623,,,,,,,,
2024-05-13 00:00:00+00:00,61720.93646134093,13045696108.912676,,,62675.884285807195,62757.84122855512,62559.14580865801,-34828929412.79059,50.0,62216.1556767718,62528.3297962515,-312.1741194796996,-123.76296269990758,,,,,0.0,663.5221837192439,663.5221837192439,663.5221837192439,,,,,,,,
2024-05-14 00:00:00+00:00,61984.983436874674,27740460083.601814,,,62648.790134868665,62742.53711386837,62498.20304333584,-7088469329.188774,50.0,62180.59071678763,62488.08191777914,-307.4912009915133,-160.50861035822874,,,,,0.0,264.0469755337472,264.0469755337472,264.0469755337472,,,,,,,,
2024-05-15 00:00:00+00:00,63556.13820694366,21581895152.31416,,,62684.37241220494,62758.64802660253,62578.9011379584,14493425823.125385,50.0,62392.213407580864,62567.197198457994,-174.98379087712965,-163.4036464620089,,,,,0.0,1571.1547700689844,1571.1547700689844,1571.1547700689844,,,,,,,,
2024-05-16 00:00:00+00:00,64350.170374482615,38101793065.15294,,,62749.697822490336,62790.163320619955,62789.12226133423,52595218888.27832,61.22242817145714,62693.437556334975,62699.269285570925,-5.8317292359497515,-131.8892630167971,,,,,0.0,794.0321675389569,794.0321675389569,794.0321675389569,480.8068321840744,,,,61057.41427762168,64350.170374482615,100.0,
2024-05-17 00:00:00+00:00,66178.1737942567,29114585833.349678,,,62884.14786059882,62857.25263692959,63070.917738425414,81709804721.62799,69.50412662953002,63229.55082370755,62956.965915843946,272.584907863602,-50.994428840717276,,,,,0.0,1828.0034197740824,1828.0034197740824,1828.0034197740824,611.3785050250802,,,,61057.41427762168,66178.1737942567,100.0,
2024-05-18 00:00:00+00:00,66408.8738941596,25397793918.993534,,,63022.37241093454,62927.58177073612,63296.658928795936,107107598640.62152,68.5493011833178,63718.67744993094,63212.66280312659,506.0146468043531,60.407386288296806,,,,,0.0,230.7000999028969,230.7000999028969,230.7000999028969,592.8173990456006,,,,61057.41427762168,66408.8738941596,100.0,100.0
2024-05-19 00:00:00+00:00,66739.48482501625,13025487675.845129,,,63168.14152521225,63003.064999533744,63412.06682954197,120133086316.46664,68.93818679920983,64183.41704609791,63473.90887882211,709.5081672757951,190.2275424857965,,,,,0.0,330.610930856652,330.610930856652,330.610930856652,600.2393147544202,,,,61057.41427762168,66739.48482501625,100.0,100.0
2024-05-20 00:00:00+00:00,68198.54273736819,9072734600.009218,,,63365.412160983076,63105.94574681759,63521.275440833626,129205820916.47586,73.23211722700078,64801.12869090872,63823.881757232935,977.2469336757858,347.6314207237944,,,,,0.0,1459.057912351942,1459.057912351942,1459.057912351942,696.5258189743284,,,,61057.41427762168,68198.54273736819,100.0,100.0
2024-05-21 00:00:00+00:00,69290.94847192259,35923476641.4359,,,63597.7861339611,63228.421048304815,63999.32214625782,165129297557.91174,79.48985195468173,65491.87019568009,64228.84966202476,1263.0205336553263,530.7092433101009,,,,,0.0,1092.4057345543988,1092.4057345543988,1092.4057345543988,739.8549259375862,,,,61057.41427762168,69290.94847192259,100.0,100.0
2024-05-22 00:00:00+00:00,70267.11122554308,41105056578.01701,,,63859.328294415296,63367.80105181449,64542.08885852057,206234354135.92877,88.53238842796827,66226.52266181285,64676.12829635946,1550.3943654533941,734.6462677387595,64208.81079458581,2714.787628292998,69638.38605117181,58779.23553799981,0.0,976.1627536204905,976.1627536204905,976.1627536204905,743.0450120695974,,,,61057.41427762168,70267.11122554308,100.0,100.0
2024-05-23 00:00:00+00:00,69092.50067241296,31059440495.91766,,,64064.55074061129,63481.16144034119,64821.550202912105,175174913640.0111,79.60475268948875,66667.44235575134,65003.26699088194,1664.1753648693993,920.5520871648876,64521.46879142176,2902.3696633214245,70326.2081180646,58716.72946477891,0.0,1174.6105531301146,1174.6105531301146,1174.6105531301146,826.377162235644,,,,61057.41427762168,70267.11122554308,87.24593697520936,95.74864565840312
2024-05-24 00:00:00+00:00,68542.52755502287,39235702119.25446,,,64240.157674509785,63581.386511919045,65089.445872788725,135939211520.75665,79.2052129306655,66955.9170017931,65265.43444007756,1690.4825617155439,1074.538182075019,64782.100353207425,3021.3428174699015,70824.78598814722,58739.414718267624,0.0,549.9731173900946,549.9731173900946,549.9731173900946,830.5457077123881,,,,61057.41427762168,70267.11122554308,81.27426254878623,89.5067331746652
2024-05-25 00:00:00+00:00,68571.60913267623,28127411967.182774,,,64410.01851600651,63680.20280143899,65260.34911353989,164066623487.93942,80.2636120804423,67204.48502192897,65510.33626915894,1694.1487527700228,1198.4602962140198,65032.850788329124,3120.751824962022,71274.35443825317,58791.34713840508,0.0,29.081577653356362,29.081577653356362,29.081577653356362,822.1817268395373,,,,61057.41427762168,70267.11122554308,81.59003382571103,83.37007778323554
2024-05-26 00:00:00+00:00,68772.39772134153,15929396750.116022,,,64581.09221033337,63781.03834440735,65355.32746610378,179996020238.05545,84.55248676079896,67445.70236030013,65751.9704508021,1693.731909498034,1297.5146188708227,65288.08831022041,3210.6750717443874,71709.43845370918,58866.73816673164,0.0,200.78858866530936,200.78858866530936,200.78858866530936,797.4393417685907,,,,61720.93646134093,70267.11122554308,82.51014582029687,81.79148073159804
2024-05-27 00:00:00+00:00,69048.17180535065,11243743771.147913,,,64756.27180229483,63885.338016901274,65424.49857730671,191239764009.20337,83.99666641157827,67692.23612107713,65996.13351410198,1696.1026069751533,1377.232216491689,65581.40444816559,3275.4393102589597,72132.28306868351,59030.52582764767,0.0,275.7740840091137,275.7740840091137,275.7740840091137,769.7430489321529,,,,61984.983436874674,70267.11122554308,85.28229156449166,83.12749040349985
2024-05-28 00:00:00+00:00,68730.90190227017,18983806932.464344,,,64912.13964935269,63981.28977700759,65525.859351449035,172255957076.739,81.14566794233743,67852.03085664529,66198.70895026259,1653.3219063826982,1432.450154469891,65905.43216834536,3249.008475247448,72403.44911884026,59407.41521785047,0.0,317.2699030804797,317.2699030804797,317.2699030804797,773.5446866140622,,,,63556.13820694366,70267.11122554308,77.10899270470445,81.633810029831
2024-05-29 00:00:00+00:00,68420.38006267107,31278122196.184998,,,65049.71770477695,64069.19255494151,65665.03017856755,140977834880.55402,75.41668709190714,67939.46919603387,66363.27718081136,1576.1920152225066,1461.1985266204142,66214.33181908546,3175.2641733807127,72564.86016584688,59863.803472324034,0.0,310.521839599096,310.521839599096,310.521839599096,683.4994772947846,,,,64350.170374482615,70267.11122554308,68.78908866325703,77.0601243108177
2024-05-30 00:00:00+00:00,68088.79811826562,24320692137.62038,,,65168.89732883534,64148.78870471031,65752.37909827883,116657142742.93364,70.52715265216162,67962.44287637722,66491.09354654871,1471.349329828503,1463.228687262032,66531.23304664106,3018.7614462870633,72568.75593921519,60493.71015406694,0.0,331.5819444054505,331.5819444054505,331.5819444054505,650.4673184995341,,,,66178.1737942567,70267.11122554308,46.72667058658909,64.20825065151686
2024-05-31 00:00:00+00:00,67808.23777042823,25344376897.716885,,,65272.400875564475,64221.253042645316,65826.793014032,91312765845.21675,60.7821308644429,67938.71901392352,66588.65978535461,1350.0592285689054,1440.594795523407,66841.41512229845,2796.4284113029316,72434.27194490432,61248.55829969259,0.0,280.56034783739597,280.56034783739597,280.56034783739597,539.9356705040565,,,,66408.8738941596,70267.11122554308,36.26951263173976,50.5950906271953
2024-06-01 00:00:00+00:00,67850.59137981343,19685305476.459476,,,65373.50638553502,64293.121128529834,65882.134070141,110998071321.67622,59.77998791908209,67925.16091636811,66682.13619975897,1243.024716609143,1401.0807797405541,67181.07397740806,2447.7340060352444,72076.54198947854,62285.60596533757,0.0,42.35360938520171,42.35360938520171,42.35360938520171,526.4823497527925,,,,66739.48482501625,70267.11122554308,31.49728538802305,38.164489535450635
2024-06-02 00:00:00+00:00,67639.76605244137,10724053324.55672,,,65462.379313649,64359.39132504293,65907.93307845684,100274017997.1195,56.208007780475526,67881.25401422553,66753.07174440211,1128.1822698234173,1346.501077757127,67477.01545696307,2083.5483784392013,71644.11221384146,63309.918700084665,0.0,210.82532737206202,210.82532737206202,210.82532737206202,517.9262352181789,,,,67639.76605244137,70267.11122554308,0.0,22.588932673254266
2024-06-03 00:00:00+00:00,68084.21233541517,16137350587.750422,,,65565.19629489473,64433.15015693149,65954.96306373498,116411368584.86993,49.08335566379788,67912.47837133163,66851.67475114382,1060.803620187813,1289.3615862432644,67781.9769018901,1635.5997731770883,71053.17644824428,64510.77735553592,0.0,444.44628297380405,444.44628297380405,444.44628297380405,445.45397597688344,,,,67639.76605244137,70267.11122554308,16.916174072747094,16.137819820256713
2024-06-04 00:00:00+00:00,69049.44058496371,29862293749.910686,,,65701.83332587783,64524.56184857569,66073.952752298,146273662334.7806,48.023401185104795,68087.39563496732,67014.47222031566,1072.9234146516683,1246.0739519249453,68056.6420207911,1319.2597346859213,70695.16149016294,65418.122551419256,0.0,965.2282495485415,965.2282495485415,965.2282495485415,436.36986990503647,,,,67639.76605244137,70267.11122554308,53.653952550823554,23.523375541190216
2024-06-05 00:00:00+00:00,70197.63476108613,31561053725.144592,,,65878.13926451345,64636.89992605115,66234.99325267307,177834716059.9252,49.446949959734006,68412.04780821638,67250.26203815051,1161.7857700658642,1229.216315553129,68349.01524012127,1081.0510130907276,70511.11726630272,66186.91321393981,0.0,1148.1941761224152,1148.1941761224152,1148.1941761224152,448.65782865517394,,,,67639.76605244137,70197.63476108613,100.0,56.85670887452355
2024-06-06 00:00:00+00:00,70848.06626345572,32560403314.989147,,,66073.03836251119,64759.893318871036,66413.65208005418,210395119374.91434,65.24714499662633,68786.8198782532,67516.76605483978,1270.0538234134146,1237.3838171251862,68582.50986358123,1091.7649451964608,70766.03975397415,66398.97997318831,0.0,650.4315023695963,650.4315023695963,650.4315023695963,411.2164678865655,,,,67639.76605244137,70848.06626345572,100.0,84.55131751694118
2024-06-07 00:00:00+00:00,70423.18333735951,23612879689.560955,,,66243.63228309347,64872.037675672786,66523.18821033183,186782239685.3534,66.69633964866026,69038.5681027311,67732.05622391532,1306.5118788157706,1251.209429463303,68783.22533574123,1038.8433525055946,70860.91204075242,66705.53863073004,0.0,424.8829260962084,424.8829260962084,424.8829260962084,402.2814542227165,,,,67639.76605244137,70848.06626345572,86.75675908889228,95.5855863629641
2024-06-08 00:00:00+00:00,69800.01823496104,18597495569.911568,,,66383.09839885298,64969.62144912404,66592.20867479297,168184744115.44183,59.865117169471944,69155.71427692032,67885.23859510389,1270.4756818164315,1255.0626799339288,68936.25200623847,942.9339430151628,70822.11989226879,67050.38412020815,0.0,623.1651023984741,623.1651023984741,623.1651023984741,444.7159917045106,,,,67639.76605244137,70848.06626345572,67.3332306965337,84.69666326180867
2024-06-09 00:00:00+00:00,69431.5424164908,10688301508.476225,,,66502.64522307407,65057.976319764966,66626.16877073258,157496442606.9656,55.15463307170847,69198.14937531578,67999.77961891032,1198.36975640546,1243.7240952282352,68997.9019901946,932.4119038840068,70862.72579796262,67133.07818242659,0.0,368.47581847023685,368.47581847023685,368.47581847023685,456.69365097629117,,,,67639.76605244137,70848.06626345572,55.848151550722186,69.97938044538272
2024-06-10 00:00:00+00:00,69487.48082338585,10461044041.080194,,,66619.69759955688,65145.689280232706,66659.27651399528,167957486648.0458,53.55780597251898,69242.6619057881,68109.97970813073,1132.6821976573701,1221.5157157140623,69007.72860776776,936.6886568282791,70881.10592142431,67134.3512941112,0.0,55.93840689504577,55.93840689504577,55.93840689504577,440.9911026110006,,,,67639.76605244137,70848.06626345572,57.59170431124642,60.25769551950077
2024-06-11 00:00:00+00:00,68825.49689133473,19335866773.67523,,,66706.19953256777,65218.55675768027,66704.63569611743,148621619874.37057,50.725578666710405,69178.48267279527,68162.98098096067,1015.5016918346082,1180.3129109381716,68935.64789105734,888.9253826619818,70713.4986563813,67157.79712573337,0.0,661.9839320511237,661.9839320511237,661.9839320511237,465.6135332517609,,,,67639.76605244137,70848.06626345572,36.95822587994255,50.13269391397038
2024-06-12 00:00:00+00:00,68348.94987047349,38513044382.60802,,,66770.62111444643,65280.54474011182,66770.46906627312,110108575491.76256,49.46571196716686,69050.86224166884,68176.7564542579,874.1057874109392,1119.0714862327252,68898.47035096037,897.5272101273002,70693.52477121497,67103.41593070577,0.0,476.5470208612387,476.5470208612387,476.5470208612387,477.47247477048535,,,,67639.76605244137,70848.06626345572,22.10465889686492,38.8848630293513
2024-06-13 00:00:00+00:00,67417.99632263563,36027809551.45211,,,66796.00837751268,65322.87051402318,66793.84563419642,74080765940.31046,45.39536613204204,68799.65210027911,68120.55200006366,679.1001002154517,1031.0772090292705,68842.24378934101,954.4198104054323,70751.08341015187,66933.40416853015,0.0,930.953547837853,930.953547837853,930.953547837853,520.2847321585141,,,,67417.99632263563,70848.06626345572,0.0,19.687628258935824
2024-06-14 00:00:00+00:00,66978.63845926701,29654777884.381138,,,66803.17034150305,65355.657998087416,66799.17833809176,44425988055.92932,44.42682108421047,68519.49615550802,68035.9658118565,483.53034365152416,921.5678359537213,68762.59525567055,1040.7570687261991,70844.10939312294,66681.08111821815,0.0,439.35786336862657,439.35786336862657,439.35786336862657,531.6274118393163,,,,66978.63845926701,70848.06626345572,0.0,7.368219632288306
2024-06-15 00:00:00+00:00,66300.62773063153,27966992832.749634,,,66783.46278813554,65374.37027001898,66785.96960325674,16458995223.179688,40.40678968104027,68178.1317824501,67907.42225028427,270.7095321658271,791.3961751961425,68639.00675613504,1177.3305198767541,70993.66779588856,66284.34571638153,0.0,678.010728635476,678.010728635476,678.010728635476,577.0314917857644,,,,66300.62773063153,70848.06626345572,0.0,0.0
2024-06-16 00:00:00+00:00,66272.36801585618,13472726244.723091,,,66763.4198558893,65392.15240359992,66779.49698334839,2986268978.4565964,41.34106106409614,67884.93735682027,67786.30712180812,98.63023501215503,652.8429871593451,68500.21656666031,1285.2266739093238,71070.66991447896,65929.76321884166,0.0,28.25971477535495,28.25971477535495,28.25971477535495,563.9910908859996,,,,66272.36801585618,70848.06626345572,0.0,0.0
2024-06-17 00:00:00+00:00,66422.13809651021,12650130203.722813,,,66750.03625748228,65412.548159895174,66775.31782310687,15636399182.179409,39.06702598116182,67659.89131677257,67685.25756437864,-25.36624760607083,517.2011402062619,68384.77837637233,1364.6480045809553,71114.07438553424,65655.48236721041,0.0,149.77008065403788,149.77008065403788,149.77008065403788,542.942790720302,,,,66272.36801585618,70848.06626345572,3.2731634069752884,1.0910544689917627
2024-06-18 00:00:00+00:00,66061.74720420255,29409728999.276093,,,66723.04452990268,65425.40358651512,66756.43063081804,-13773329817.096684,28.64823530152394,67414.0229917618,67564.99753769893,-150.97454593713337,383.5660029775829,68266.8467334489,1459.9940203641333,71186.83477417716,65346.85869272063,0.0,360.39089230766695,360.39089230766695,360.39089230766695,499.74012234595386,,,,66061.74720420255,70848.06626345572,0.0,1.0910544689917627
2024-06-19 00:00:00+00:00,65492.25946629773,41386972050.31837,,,66674.778448977,65426.72746532269,66711.03371560511,-55160301867.415054,13.340386064419832,67118.36706476733,67411.4613842618,-293.09431949447026,248.23393848317227,68137.01980085051,1586.615079436189,71310.24995972289,64963.78964197813,0.0,569.4877379048194,569.4877379048194,569.4877379048194,458.4039481875542,,,,65492.25946629773,70848.06626345572,0.0,1.0910544689917627
2024-06-20 00:00:00+00:00,64953.68794592377,21680698980.889107,,,66607.28470375923,65417.36034612667,66678.58531107409,-76841000848.30417,3.2622132182042947,66785.33950802217,67229.40409253306,-444.06458451089566,109.77423388435868,67994.29230962528,1738.839330606623,71471.97097083852,64516.61364841203,0.0,538.5715203739601,538.5715203739601,538.5715203739601,450.41394947358015,,,,64953.68794592377,70423.18333735951,0.0,0.0
2024-06-21 00:00:00+00:00,64607.79110343017,26001551474.84426,,,66528.87319002084,65401.32927201386,66633.72246337585,-102842552323.14844,3.303593873582173,66450.33206116185,67035.2105377847,-584.8784766228491,-29.15630821708288,67832.15229580611,1896.9453966052001,71626.04308901652,64038.26150259571,0.0,345.8968424935956,345.8968424935956,345.8968424935956,444.77208635910785,,,,64607.79110343017,69800.01823496104,0.0,0.0
2024-06-22 00:00:00+00:00,64385.40073027293,24694310198.90943,,,66444.81544650132,65381.2118751477,66588.39505273386,-127536862522.05786,3.5308491266709723,66132.65031794817,66838.92832982088,-706.2780118727096,-164.58064894820822,67669.4340296977,2047.8894671253245,71765.21296394835,63573.65509544705,0.0,222.39037315724272,222.39037315724272,222.39037315724272,416.14531998473416,,,,64385.40073027293,69487.48082338585,0.0,0.0
2024-06-23 00:00:00+00:00,63844.29505240531,6340606686.24879,,,66342.834254576,65350.777878657755,66574.26336691882,-133877469208.30666,3.429238175661581,65780.5956617108,66617.10364260491,-836.5079808941082,-298.96611533738826,67457.4381655472,2215.305329390142,71888.04882432747,63026.82750676691,0.0,541.1056778676211,541.1056778676211,541.1056778676211,428.4760242274045,,,,63844.29505240531,69487.48082338585,0.0,0.0
2024-06-24 00:00:00+00:00,62608.16528260084,10748270931.518738,,,66196.37664783187,65296.4687183398,66539.93995510404,-144625740139.82538,2.086266765473084,65292.529449540045,66320.14524556758,-1027.6157960275305,-444.6960514754167,67135.37440042905,2429.5380843179096,71994.45056906487,62276.29823179323,0.0,1236.1297698044655,1236.1297698044655,1236.1297698044655,512.775407292363,,,,62608.16528260084,68825.49689133473,0.0,0.0
2024-06-25 00:00:00+00:00,61785.0020765888,42036553106.89028,,,66023.38156660665,65226.934725433835,66384.27020713799,-186662293246.71567,2.040454591056374,64752.90985370139,65984.20871453211,-1231.2988608307205,-602.0166133464775,66714.7427662042,2594.131807032754,71903.00638026971,61526.479152138694,0.0,823.1632060120464,823.1632060120464,823.1632060120464,524.288212575286,,,,61785.0020765888,68348.94987047349,0.0,0.0
2024-06-26 00:00:00+00:00,60961.181679803914,21105562261.648533,,,65824.86392398694,65142.464368094625,66296.57106921005,-207767855508.3642,1.9482772616439803,64169.56705771716,65612.13263788557,-1442.5655801684115,-770.1264067108643,66220.3985370216,2704.698198130195,71629.79493328198,60811.00214076121,0.0,823.8203967848822,823.8203967848822,823.8203967848822,549.0934537126892,,,,60961.181679803914,67417.99632263563,0.0,0.0
2024-06-27 00:00:00+00:00,61360.98512987195,22908540918.971207,,,65649.80985362949,65067.58359110011,66211.4316171836,-184859314589.393,7.679728580609918,63737.47753035636,65297.232822477155,-1559.755292120797,-928.052183792851,65767.28862664722,2722.5837310834927,71212.4560888142,60322.12116448023,0.0,399.8034500680369,399.8034500680369,399.8034500680369,511.15416101484516,,,,60961.181679803914,66978.63845926701,6.6440601855674535,2.2146867285224845
2024-06-28 00:00:00+00:00,60876.54616632388,18855138893.067604,,,65462.623042362604,64984.59275100553,66136.74774511435,-203714453482.4606,7.631652048716504,63297.334243582125,64969.77455165098,-1672.4403080688571,-1076.9298086480524,65321.11502321536,2757.876922885468,70836.86886898629,59805.36117744442,0.0,484.4389635480693,484.4389635480693,484.4389635480693,514.3742395990911,,,,60876.54616632388,66422.13809651021,0.0,2.2146867285224845
2024-06-29 00:00:00+00:00,60914.72848896193,24399416695.150173,,,65284.274236346886,64904.001379479916,66043.83124656952,-179315036787.31042,8.957766218016872,62930.7795121021,64669.40076922957,-1738.6212571274737,-1209.2680983439366,64895.27432683892,2747.301453713527,70389.87723426596,59400.67141941186,0.0,38.18232263805112,38.18232263805112,38.18232263805112,468.672210599275,,,,60876.54616632388,66422.13809651021,0.6885166294009698,2.444192271656141
2024-06-30 00:00:00+00:00,61305.311326946736,11435110883.886795,,,65128.23647519394,64832.74019032084,66004.64339652364,-167879925903.42365,14.130217614191878,62680.70748361666,64420.2089586901,-1739.5014750734408,-1315.3147736898375,64486.165852016966,2634.3651909270693,69754.8962338711,59217.435470162825,0.0,390.5828379848026,390.5828379848026,390.5828379848026,494.55243368566414,,,,60876.54616632388,66422.13809651021,7.731639219412366,2.806718616271112
2024-07-01 00:00:00+00:00,62139.553090202506,17373592048.120487,,,65011.033205194275,64779.40975269474,65956.68167575859,-150506333855.30316,21.855486400699732,62597.45296155295,64251.27148695028,-1653.8185253973352,-1383.015524031337,64151.868661960354,2474.0699962838175,69100.00865452799,59203.728669392716,0.0,834.2417632557699,834.2417632557699,834.2417632557699,543.4432681572164,,,,60876.54616632388,66061.74720420255,24.357916205218853,10.926024018010729
2024-07-02 00:00:00+00:00,62532.26038192461,25573074910.689686,,,64913.82642781115,64734.91174535275,65895.25533320288,-124933258944.61348,26.902842820710873,62587.42333391782,64123.937331022455,-1536.5139971046374,-1413.715218645997,63861.0341875329,2289.741091584493,68440.5163707019,59281.55200436392,0.0,392.7072917221012,392.7072917221012,392.7072917221012,545.7515824011045,,,,60876.54616632388,65492.25946629773,35.87125343357237,22.65360295273453
2024-07-03 00:00:00+00:00,61702.356023550004,18100530101.689426,,,64787.88641195778,64674.86113700022,65842.68859390425,-143033789046.30292,26.01611940609861,62451.25913232277,63944.56093787635,-1493.3018055535795,-1429.6325360275137,63575.25217257863,2176.306088753859,67927.86435008634,59222.63999507091,0.0,829.9043583746025,829.9043583746025,829.9043583746025,564.3527695775176,,,,60876.54616632388,64953.68794592377,20.254626938854308,26.827932192548513
2024-07-04 00:00:00+00:00,59825.473308505956,30348692427.02443,,,64593.28197652829,64578.83365524785,65718.8071275165,-173382481473.32733,22.247668075005777,62047.2920825048,63639.44333570076,-1592.1512531959597,-1462.1362794612028,63217.59391504057,2175.3314372553737,67568.25678955132,58866.931040529824,0.0,1876.8827150440484,1876.8827150440484,1876.8827150440484,659.9464263396668,,,,59825.473308505956,64607.79110343017,0.0,18.708626790808896
2024-07-05 00:00:00+00:00,58057.9059131631,43112005394.93119,,,64336.992719141424,64449.70637322636,65501.121563235254,-216494486868.2585,19.28086473868001,61433.540364144545,63225.996119216485,-1792.45575507194,-1528.2001745833504,62805.457824167155,2335.4187046770226,67476.2952335212,58134.62041481311,0.0,1767.567395342856,1767.567395342856,1767.567395342856,761.4943229717568,,,,58057.9059131631,64385.40073027293,0.0,6.751542312951439
2024-07-06 00:00:00+00:00,57386.50704312833,60081357583.2773,,,64064.42465341542,64309.84103995709,65192.02580031865,-276575844451.5358,18.501627348377014,60810.91985321897,62793.44137283958,-1982.5215196206118,-1619.064443590803,62361.164775530764,2481.797576733249,67324.75992899726,57397.569622064264,0.0,671.3988700347691,671.3988700347691,671.3988700347691,793.5663584630087,,,,57386.50704312833,63844.29505240531,0.0,0.0
2024-07-07 00:00:00+00:00,56950.24079432315,21293913670.919975,,,63785.43705109808,64164.10638162771,65082.24197912266,-297869758122.4558,18.677882165038824,60216.96922877346,62360.61170035688,-2143.642471583422,-1723.9800491893268,61887.56991042141,2568.3070106409577,67024.18393170333,56750.95588913949,0.0,436.2662488051792,436.2662488051792,436.2662488051792,786.0778278156914,,,,56950.24079432315,62608.16528260084,0.0,0.0
2024-07-08 00:00:00+00:00,56925.333421805895,20211914621.326435,,,63516.41337936114,64020.764342819355,64980.3973759087,-318081672743.7822,20.987804156870567,59710.56372000922,61957.99849453828,-2247.434774529065,-1828.6709942572745,61430.749221301565,2599.130919184052,66629.01105966966,56232.48738293346,0.0,24.90737251725659,24.90737251725659,24.90737251725659,699.5619422951766,,,,56925.333421805895,62532.26038192461,0.0,0.0
2024-07-09 00:00:00+00:00,56844.60654109169,41614266908.30467,,,63254.77389550744,63878.662208131675,64776.49429865053,-359695939652.0869,22.709311885708473,59269.647230944975,61579.22872020891,-2309.581489263932,-1924.8530932586061,60998.36657504128,2607.195441399214,66212.7574578397,55783.97569224285,0.0,80.72688071420271,80.72688071420271,80.72688071420271,646.5307762024734,,,,56844.60654109169,62532.26038192461,0.0,0.0
2024-07-10 00:00:00+00:00,57452.54884335571,28413854577.262756,,,63027.23565816816,63751.41243853215,64653.272357482565,-331282085074.82416,30.14480289539712,58990.09363285432,61273.5487293309,-2283.4550964765804,-1996.5734939022009,60623.30961991286,2547.1015020274085,65717.51262396768,55529.10661585804,0.0,607.9423022640185,607.9423022640185,607.9423022640185,631.110912308126,,,,56844.60654109169,62532.26038192461,10.68880630356699,3.5629354345223323
2024-07-11 00:00:00+00:00,57693.566091904526,25987656347.278587,,,62818.07214576566,63631.45508513358,64547.79995828119,-305294428727.5456,28.86644173238605,58790.62785732358,61008.36483026228,-2217.736972938699,-2040.8061897095008,60277.59836933659,2445.0139838464465,65167.626337029484,55387.5704016437,0.0,241.01724854881468,241.01724854881468,241.01724854881468,619.7690407710387,,,,56844.60654109169,62532.26038192461,14.926357590856997,8.538387964807997
2024-07-12 00:00:00+00:00,57663.894573708494,29196653598.752666,,,62615.947535096755,63513.28557005585,64432.5563911345,-334491082326.2983,30.46307507699666,58617.28427522896,60760.62629273978,-2143.3420175108186,-2061.3133552697645,59941.52306150837,2308.818897037342,64559.16085558305,55323.88526743369,0.0,29.671518196031684,29.671518196031684,29.671518196031684,587.2856518173218,,,,56844.60654109169,62532.26038192461,14.404674678598635,13.339946191007542
2024-07-13 00:00:00+00:00,58146.73352517848,25504482306.198975,,,62440.684240590155,63407.017212731545,64341.957630544355,-308986600020.0993,34.030778178663326,58544.89185214427,60567.00460625376,-2022.1127541094902,-2053.47323503771,59656.64498514703,2147.811360750141,63952.26770664731,55361.02226364675,0.0,482.8389514699884,482.8389514699884,482.8389514699884,619.0468395910315,,,,56844.60654109169,62532.26038192461,22.893921123302807,17.408317797586147
2024-07-14 00:00:00+00:00,59331.44527877724,16765547593.243273,,,62318.753300911216,63326.31281799977,64294.9305427802,-292221052426.856,39.568169464569465,58665.90007162627,60475.48169310735,-1809.5816214810839,-2004.6949123263848,59492.808984955846,2032.7090721698153,63558.227129295476,55427.390840616215,0.0,1184.7117535987563,1184.7117535987563,1184.7117535987563,675.7703335634568,,,,56844.60654109169,62532.26038192461,43.72345447312538,27.007350091675608
2024-07-15 00:00:00+00:00,61643.51220401717,21295520563.65442,,,62292.273257895766,63292.99003356447,64263.6936495688,-270925531863.2016,47.73261459266977,59123.99424584025,60562.00247169326,-1438.0082258530092,-1891.3575750317098,59485.73449132727,2024.5414226371163,63534.8173366015,55436.65164605303,0.0,2312.066925239931,2312.066925239931,2312.066925239931,781.3292737051826,,,,56844.60654109169,62532.26038192461,84.3740810749255,50.330485557117896
2024-07-16 00:00:00+00:00,63646.68457517406,37810068492.862465,,,62345.387427200796,63299.99388587357,64251.05182661538,-233115463370.33914,54.440264326756484,59819.79275804545,60790.497442321466,-970.7046842760174,-1707.2269968805715,59620.00963609577,2208.268628440391,64036.54689297655,55203.47237921499,0.0,2003.172371156892,2003.172371156892,2003.172371156892,896.3624936648105,,,,56844.60654109169,63646.68457517406,100.0,76.03251184935029
2024-07-17 00:00:00+00:00,64711.34660972204,40914441633.09575,,,62438.17014024084,63327.941464563635,64261.03571622054,-192201021737.2434,61.768734319623185,60572.339504457224,61080.93071398077,-508.59120952354715,-1467.4998394091667,59787.527710088274,2460.0174023617237,64707.562514811725,54867.49290536482,0.0,1064.662034547975,1064.662034547975,1064.662034547975,913.1308991057657,,,,56844.60654109169,64711.34660972204,100.0,94.7913603583085
2024-07-18 00:00:00+00:00,64419.3730346814,33459451713.593426,,,62515.86437139538,63349.5539709026,64263.79536099263,-225660473450.83682,70.51045240071835,61164.19081679941,61328.222737736374,-164.0319209369627,-1206.806255714726,59964.66905350615,2661.8402378064443,65288.34952911904,54640.98857789326,0.0,291.97357504063984,291.97357504063984,291.97357504063984,799.9231033912365,,,,56844.60654109169,64711.34660972204,96.2885061347721,98.76283537825736
2024-07-19 00:00:00+00:00,64928.47721968341,25976148878.632153,,,62610.4766399557,63380.81977780915,64272.669018949025,-199684324572.20468,84.55861772301351,61743.31180185849,61594.90825491764,148.40354694084817,-935.7642951836112,60165.356490042235,2879.635806802343,65924.62810364692,54406.08487643755,0.0,509.10418500201195,509.10418500201195,509.10418500201195,710.0328740811763,,,,56844.60654109169,64928.47721968341,100.0,98.76283537825736
2024-07-20 00:00:00+00:00,65951.72750719743,36994610752.230415,,,62741.50608572989,63431.72884175743,64303.99744819623,-162689713819.97427,91.60979938956626,62390.760371910634,61917.63560693836,473.1247649722718,-653.9864831524346,60397.67729905476,3151.0806715068143,66699.8386420684,54095.515956041134,0.0,1023.2502875140199,1023.2502875140199,1023.2502875140199,735.165118186837,,,,56844.60654109169,65951.72750719743,100.0,98.76283537825736
2024-07-21 00:00:00+00:00,67327.91782558127,17353396168.041622,,,62921.36536964563,63508.881098862854,64330.23387326471,-145336317651.93265,96.19595459924541,63150.32305709073,62318.39725276376,831.9258043269729,-356.8040256565531,60657.09553582369,3496.652719845768,67650.40097551522,53663.79009613216,0.0,1376.190318383844,1376.190318383844,1376.190318383844,802.3025517281702,,,,56844.60654109169,67327.91782558127,100.0,100.0
2024-07-22 00:00:00+00:00,67633.97268952767,27078771827.95196,,,63106.17349983709,63590.56608085622,64374.36491036516,-118257545823.98068,96.5051803938493,63840.115308234876,62712.14358141294,1127.971726821932,-59.848875160856096,60912.181151203855,3812.4741435895476,68537.12943838295,53287.23286402476,0.0,306.0548639463959,306.0548639463959,306.0548639463959,822.3845154016801,,,,56844.60654109169,67633.97268952767,100.0,100.0
2024-07-23 00:00:00+00:00,67212.75694255414,43157593651.80313,,,63267.21598778678,63662.29263257301,64433.53335772954,-161415139475.7838,93.73317988351194,64358.9832519763,63045.52234890489,1313.4609030714128,214.81308048559768,61187.70119715406,4063.436942154762,69314.57508146358,53060.827312844536,0.0,421.2157469735248,421.2157469735248,421.2157469735248,846.7051487059174,,,,57452.54884335571,67633.97268952767,95.86289940054019,98.62096646684672
2024-07-24 00:00:00+00:00,66317.88866488081,36100536095.18872,,,63386.85021041792,63714.8786926187,64465.82792352068,-197515675570.97253,86.51053159639818,64660.35331550007,63287.919853791995,1372.433461708075,446.3371567300931,61512.321964972805,4205.725806626253,69923.77357822531,53100.870351720296,0.0,894.8682776733331,894.8682776733331,894.8682776733331,867.1998612351542,,,,57663.894573708494,67633.97268952767,86.79966185461804,94.22085375171942
2024-07-25 00:00:00+00:00,65698.63873836899,28680123269.715443,,,63477.50858406306,63754.161069762275,64482.38780422236,-226195798840.688,81.97161511841794,64820.08953440298,63466.491623019916,1353.5979113830617,627.7893076606869,61894.35860623309,4222.419358943454,70339.19732412,53449.51988834618,0.0,619.249926511824,619.249926511824,619.249926511824,894.2164810896548,,,,57663.894573708494,67633.97268952767,80.58857785589508,87.75037970368443
2024-07-26 00:00:00+00:00,66357.93174519371,35836896135.542854,,,63590.466355087796,63805.72088511735,64513.348338045755,-190358902705.14514,83.06056401618463,65056.6806437554,63680.67237281057,1376.0082709448252,777.4331003175146,62342.92984133637,4194.771909020566,70732.4736593775,53953.38602329524,0.0,659.2930068247224,659.2930068247224,659.2930068247224,939.1894445631327,,,,58146.73352517848,67633.97268952767,86.5499232998255,84.64605433677954
2024-07-27 00:00:00+00:00,67241.88949834772,30821370069.206276,,,63733.65941952936,63873.76382795359,64551.54371939637,-159537532635.93887,83.56202830293972,65392.86662138498,63944.46623396147,1448.400387423506,911.6265577387129,62857.5122765376,4129.157712736341,71115.82770201028,54599.19685106492,0.0,883.9577531540126,883.9577531540126,883.9577531540126,967.840787540563,,,,59331.44527877724,67633.97268952767,95.27754415273279,87.47201510281779
2024-07-28 00:00:00+00:00,68072.6507731464,30976752616.761925,,,63903.815943200614,63956.91010409602,64600.39500488798,-128560780019.17694,83.12111385339442,65805.14110627136,64250.2576813085,1554.8834249628562,1040.2779311835416,63414.87814410463,4037.604255027204,71490.08665415904,55339.669634050224,0.0,830.7612747986714,830.7612747986714,830.7612747986714,942.5586104834141,,,,61643.51220401717,68072.6507731464,100.0,93.94248915085275
2024-07-29 00:00:00+00:00,67689.3255840731,17175244020.36542,,,64052.2673016662,64030.81932152131,64623.9750127661,-145736024039.54236,76.8295513046711,66095.01564131779,64505.00345188366,1590.0121894341282,1150.224782833659,63957.11409625369,3831.7561571391234,71620.62641053193,56293.60178197544,0.0,383.3251890732936,383.3251890732936,383.3251890732936,804.7913436143687,,,,63646.68457517406,68072.6507731464,91.33917495237749,95.53890636837009
2024-07-30 00:00:00+00:00,67077.20646246434,42529043667.45024,,,64170.892366795546,64091.143819361765,64669.48685427422,-188265067706.9926,67.36792734123148,66246.12192149418,64695.53700822297,1550.58491327121,1230.2968089211693,64438.34697720913,3567.09121685505,71572.52941091923,57304.16454349903,0.0,612.1191216087609,612.1191216087609,612.1191216087609,705.4303972180735,,,,64419.3730346814,68072.6507731464,72.75202210329861,88.0303990185587
2024-07-31 00:00:00+00:00,65889.71686345873,28892376510.689587,,,64238.29724901763,64126.75912716567,64684.67434080318,-217157444217.6822,55.892527067580616,66191.29037410411,64783.994775277475,1407.295598826633,1265.696566902262,64848.15451578683,3203.733153191962,71255.62082217075,58440.688209402906,0.0,1187.4895990056102,1187.4895990056102,1187.4895990056102,714.2037946793332,,,,64419.3730346814,68072.6507731464,40.24725011449932,68.1128157233918
2024-08-01 00:00:00+00:00,65418.78642652263,31403681581.194077,,,64284.590942253126,64152.34382616284,64694.47303086699,-248561125798.87628,54.90976640887328,66072.44361293773,64831.016379073415,1241.4272338643132,1260.8427002946723,65235.89910842753,2721.4482280398383,70678.7955645072,59793.00265234786,0.0,470.930436936098,470.930436936098,470.930436936098,726.986427671866,,,,64928.47721968341,68072.6507731464,15.594215729573717,42.864495982457214
2024-08-02 00:00:00+00:00,63814.58739247539,38911302447.60912,,,64266.15943049714,64145.655579951206,64680.15764132462,-287472428246.4854,45.059437459250894,65725.08111748198,64755.72534302912,969.3557744528662,1202.5453151263112,65519.29180179238,2187.006589818139,69893.30498142866,61145.278622156104,0.0,1604.1990340472403,1604.1990340472403,1604.1990340472403,805.2074883179537,,,,63814.58739247539,68072.6507731464,0.0,18.61382194802435
2024-08-03 00:00:00+00:00,62461.79718086126,39004321616.3716,,,64195.40012658985,64112.31184927616,64644.56006236567,-326476749862.857,34.96036655049632,65223.03743492495,64585.80473842409,637.2326965008542,1089.4827914012199,65675.80939689658,1798.3301065058263,69272.46960990824,62079.14918388493,0.0,1352.790211614134,1352.790211614134,1352.790211614134,828.7460543251046,,,,62461.79718086126,68072.6507731464,0.0,5.198071909857906
2024-08-04 00:00:00+00:00,60188.20945398876,32885545023.712658,,,64038.25539433098,64034.60685134967,64585.072847794276,-359362294886.56964,21.440805911628644,64448.44851478092,64260.05693957703,188.39157520388835,909.2645481617536,65603.04425939516,1989.3700331131856,69581.78432562153,61624.30419316879,0.0,2273.5877268724944,2273.5877268724944,2273.5877268724944,892.8458692171511,,,,60188.20945398876,68072.6507731464,0.0,0.0
2024-08-05 00:00:00+00:00,58051.72923258258,33664501541.451115,,,63803.48966249772,63916.13402721567,64496.997888539925,-393026796428.02075,16.566418110389918,63464.337855981175,63800.18081313299,-335.8429571518136,660.2430470990402,65323.29649226558,2583.593057007867,70490.48260628132,60156.11037824985,0.0,2136.4802214061856,2136.4802214061856,2136.4802214061856,1023.5905376071361,,,,58051.72923258258,68072.6507731464,0.0,0.0
2024-08-05 18:30:00+00:00,56133.25989518586,,,,63502.69633828941,63762.01770776953,,,14.999266260583695,62336.47970816651,63232.260745136904,-895.7810369703948,349.0382302851532,64894.39215653879,3302.5286963411545,71499.4495492211,58289.334763856474,0.0,1918.4693373967166,1918.4693373967166,1918.4693373967166,1130.537222637364,,,,56133.25989518586,68072.6507731464,0.0,0.0
2024-08-06 00:00:00+00:00,55234.71546260864,120245972389.37173,,,63178.46179414506,63593.16023756833,64071.488635551315,-513272768817.39246,14.995783287990292,61243.900593465296,62639.84998346814,-1395.9493900028465,0.040706227553243934,64435.15927793514,3947.6377609527003,72330.43479984054,56539.88375602974,0.0,898.5444325772187,898.5444325772187,898.5444325772187,1130.7998051304987,,,,55234.71546260864,68072.6507731464,0.0,0.0
2024-08-06 18:30:00+00:00,55986.377709775064,,,,62896.41928103251,63442.53088058232,,,19.579997016564064,60435.05091905141,62147.0001854168,-1711.9492663653873,-342.35728829103493,63988.05430243972,4372.362508174245,72732.7793187882,55243.32928609123,0.0,751.6622471664232,751.6622471664232,751.6622471664232,1140.2578280343987,,,,55234.71546260864,68072.6507731464,5.855008838916931,1.9516696129723103
2024-08-07 00:00:00+00:00,56141.25393322213,52620100833.47091,,,62631.51083602034,63297.951139050434,63915.20485056356,-460652667983.9216,16.95597907946727,59774.46676738537,61702.13009266164,-1927.6633252762695,-659.4184956880819,63497.53062374096,4679.954555260987,72857.43973426294,54137.62151321898,0.0,154.87622344706324,154.87622344706324,154.87622344706324,1104.2280577931374,,,,55234.71546260864,68072.6507731464,7.061403946079812,4.305470928332248
2024-08-08 00:00:00+00:00,58325.71029806673,41605918903.41173,64200.16862615849,,62462.65591296334,63199.49092437749,63829.444067100296,-419046749080.5098,23.399930295798058,59551.58115672097,61452.02492269164,-1900.4437659706746,-907.6235497446005,63047.42024736523,4724.858062437682,72497.1363722406,53597.70412248987,0.0,2184.4563648446056,2184.4563648446056,2184.4563648446056,1197.1208157710369,,,,55234.71546260864,68072.6507731464,24.077040121248412,12.331150968748384
2024-08-09 00:00:00+00:00,59556.501334716355,49201548320.290726,64167.34023214871,,62348.68906675757,63127.35251666143,63753.29622535287,-369845200760.2191,25.185641573702043,59552.33810718179,61311.61576802681,-1759.277660845015,-1077.9543719646836,62643.54667962466,4656.9086474831165,71957.3639745909,53329.72938465843,0.0,1230.7910366496217,1230.7910366496217,1230.7910366496217,1225.6943701889618,,,,55234.71546260864,67689.3255840731,34.700290333934134,21.946244800420786
2024-08-10 00:00:00+00:00,61420.3543670456,33804208928.47938,64148.24481262607,,62312.28378441593,63093.55057310468,63725.07724952152,-336040991831.73975,33.18431473657755,59839.725224083915,61319.67047906524,-1479.9452549813213,-1158.3525485680111,62353.92655084924,4536.3449551832355,71426.61646121572,53281.23664048277,0.0,1863.8530323292434,1863.8530323292434,1863.8530323292434,1331.4463589929583,,,,55234.71546260864,67077.20646246434,52.23258269322164,37.003304382801396
2024-08-11 00:00:00+00:00,61049.918348351384,13418919090.197285,64123.17799180716,,62262.77925751144,63053.08260825808,63712.29364390072,-349459910921.937,33.620223066998506,60025.90878166353,61299.6888397531,-1273.780058089571,-1181.438050472323,62090.52803502276,4446.109782032538,70982.74759908783,53198.30847095769,0.0,370.436018694214,370.436018694214,370.436018694214,1314.1832802133479,,,,55234.71546260864,65889.71686345873,54.57721371372873,47.170028913628165
2024-08-12 00:00:00+00:00,60336.538811677136,21715994493.456894,64089.86690708878,,62187.24041649833,62999.28966179113,63686.38818747136,-371175905415.3939,34.50949335658518,60073.69801705024,61228.34439322896,-1154.6463761787163,-1176.0797156136018,61822.423038688175,4378.237816931914,70578.89867255201,53065.94740482435,0.0,713.3795366742488,713.3795366742488,713.3795366742488,1280.3182757611078,,,,55234.71546260864,65418.78642652263,50.09610957294172,52.301968659964025
2024-08-12 18:30:00+00:00,59799.47622256749,,64056.04317884998,,62093.60260497163,62935.927019430266,,,34.382638855528185,60031.51004866828,61122.5023065133,-1090.9922578450205,-1159.0622240598857,61494.50026255687,4264.795724747046,70024.09171205095,52964.90881306278,0.0,537.0625891096424,537.0625891096424,537.0625891096424,1285.0420009163608,,,,55234.71546260864,63814.58739247539,53.20313400097273,52.625485762547726
2024-08-13 00:00:00+00:00,59155.102944211016,39403296385.84335,64025.09073330534,,61978.36732415749,62861.05921596058,63624.15972712537,-410579201801.2373,36.3203878431472,59896.678186444085,60976.76902041683,-1080.0908339727466,-1143.2679460424579,61090.16093485003,4070.1200024296627,69230.40093970935,52949.9209299907,0.0,644.3732783564774,644.3732783564774,644.3732783564774,1216.4830183670206,,,,55234.71546260864,62461.79718086126,54.24578874902022,52.515010774311556
2024-08-13 18:30:00+00:00,59926.358110902314,,64001.93044393567,,61897.896374618074,62802.946322791104,,,42.29313621470288,59901.24432866843,60898.96080489724,-997.7164762288085,-1114.157652079728,60682.84630173782,3727.796218690296,68138.43873911841,53227.25386435723,0.0,771.2551666912987,771.2551666912987,771.2551666912987,1174.9448008725324,,,,55234.71546260864,61420.3543670456,75.8473412492339,61.09875466640895
2024-08-14 00:00:00+00:00,60488.10137419944,31955576195.246292,63989.30372200614,,61842.610296170285,62757.107808957604,63589.617070548964,-378623625605.991,51.01745311676305,59991.53002798089,60868.5267729937,-876.9967450128097,-1066.7254706663443,60322.785091244135,3343.3919150948905,67009.56892143392,53636.001261054356,0.0,561.7432632971249,561.7432632971249,561.7432632971249,1052.6701963314347,,,,55234.71546260864,61420.3543670456,84.9287517870231,71.67396059509241
2024-08-14 18:30:00+00:00,60463.743263297125,,63977.8951920663,,61788.537079194866,62711.6946496376,,,59.552333610558314,60064.17821802954,60838.542809312465,-774.3645912829234,-1008.2532947896602,59992.111931285785,2943.3053996131835,65878.72273051215,54105.50113205942,0.0,24.358110902314365,24.358110902314365,24.358110902314365,901.8043312954438,,,,55234.71546260864,61420.3543670456,84.53496690435169,81.77035331353623
2024-08-15 00:00:00+00:00,59482.743263297125,28079911397.67297,63962.14848192305,,61698.11379229692,62647.75501822491,63550.248575882935,-406703537003.664,64.32898347483044,59974.726686532245,60738.11321331133,-763.3865267790825,-959.2799411875448,59671.7632512777,2595.7772773723436,64863.31780602239,54480.20869653301,0.0,981.0,981.0,981.0,834.8422357671069,,,,55234.71546260864,61420.3543670456,68.67565123533763,79.3797899755708
2024-08-16 00:00:00+00:00,58358.70564284064,33490251842.381626,63928.52617373806,,61567.1566099653,62562.82334742523,63491.56460913505,-440193788846.04565,63.11137236425637,59726.10806442585,60561.86080068387,-835.7527362580222,-934.5745002016404,59318.7592120936,2226.9490774008623,63772.65736689533,54864.86105729188,0.0,1124.0376204564818,1124.0376204564818,1124.0376204564818,850.9488920441971,,,,55986.377709775064,61420.3543670456,43.65730813163246,65.62264209044059
2024-08-17 00:00:00+00:00,58227.01424001136,30368238897.207172,63890.94648176942,,61436.17063467299,62476.96574133782,63438.15042135176,-470562027743.2528,59.92019083509137,59495.47824528516,60388.90920359702,-893.4309583118593,-926.3457918236843,59039.380554470394,1968.771043907432,62976.92264228526,55101.83846665553,0.0,131.6914028292813,131.6914028292813,131.6914028292813,806.6652603058299,,,,56141.25393322213,61420.3543670456,39.509767486628206,50.61424228453276
2024-08-18 00:00:00+00:00,58645.61145149757,12467437134.05582,63841.84121421496,,61326.73694121513,62401.09733955881,63418.27056055108,-458094590609.19696,60.834775519628884,59364.729507779375,60259.776036774834,-895.0465289954591,-920.0859392580394,58848.571268002226,1797.0602296242764,62442.69172725078,55254.450808753674,0.0,418.59721148620883,418.59721148620883,418.59721148620883,825.5024737371974,,,,58227.01424001136,61420.3543670456,13.10844428823729,32.09183996883265
2024-08-19 00:00:00+00:00,58917.00372288541,17656027563.72502,63787.50954769899,,61232.23759931985,62332.10538675339,63391.982744867186,-440438563045.4719,53.06561194082789,59295.84861779569,60160.311420931175,-864.4628031354878,-908.9613120335291,58785.01098144705,1769.4533535892447,62323.91768862554,55246.10427426856,0.0,271.3922713878419,271.3922713878419,271.3922713878419,688.8550384902857,,,,58227.01424001136,61420.3543670456,21.607140342888165,24.741784039251215
2024-08-20 00:00:00+00:00,59148.010396694975,24031330179.258953,63717.207913723374,,61150.50319921692,62269.05400081164,63358.51406331291,-416407232866.21295,47.63719261881243,59273.104276087885,60085.32615987664,-812.2218837887558,-889.6134263845745,58839.825039652664,1762.508873777581,62364.842787207825,55314.8072920975,0.0,231.00667380956293,231.00667380956293,231.00667380956293,617.4418697159957,,,,58227.01424001136,61420.3543670456,28.84115440402442,21.185579678383288
2024-08-21 00:00:00+00:00,59123.746518542095,31470716090.619144,63644.3566399672,,61071.02254507281,62206.77068433105,63315.226585840646,-447877948956.8321,33.12458591500889,59250.12615954238,60014.09803829631,-763.9718787539314,-864.485116858446,58989.349370820484,1643.6525289965518,62276.654428813585,55702.044312827384,0.0,24.263878152880352,24.263878152880352,24.263878152880352,486.04264441768413,,,,58227.01424001136,61049.918348351384,31.766303215239102,27.40486598738389
2024-08-22 00:00:00+00:00,59879.98193764696,32960965010.60808,63575.7616110935,,61024.315070271805,62160.69565964423,63278.83853132297,-414916983946.224,41.86459033689139,59347.02704848155,60004.16351232229,-657.1364638407395,-823.0153862549048,59221.6126945724,1394.4873541849106,62010.58740294223,56432.63798620258,0.0,756.2354191048653,756.2354191048653,756.2354191048653,513.5997444470164,,,,58227.01424001136,60488.10137419944,73.10499770850956,44.57081844259102
2024-08-23 00:00:00+00:00,60380.333333333336,28170302505.847404,63497.579517053164,,60999.06088450951,62125.44096011332,63252.83377066667,-386746681440.3766,50.31383266505912,59505.997246151055,60032.02794350829,-526.0306973572369,-763.6184484753712,59441.3104757503,1188.9369521904737,61819.18438013125,57063.436571369355,0.0,500.3513956863753,500.3513956863753,500.3513956863753,498.38344866216823,,,,58227.01424001136,60488.10137419944,95.23379531745461,66.70169874706775
2024-08-24 00:00:00+00:00,61944.22853851859,45038665759.42134,63424.11231771912,,61036.12628270595,62121.85259532926,63234.328470439956,-341708015680.95526,63.397666696885715,59881.10975266914,60173.67243202757,-292.5626793584306,-669.4072946519832,59731.45920601514,1039.948135876799,61811.35547776874,57651.56293426154,0.0,1563.8952051852539,1563.8952051852539,1563.8952051852539,571.7286355247119,,,,58227.01424001136,61944.22853851859,100.0,89.44626434198805
2024-08-25 00:00:00+00:00,63094.28207634465,22029153446.354362,63352.384026227126,,61116.83827461335,62141.1086246563,63233.36646360803,-319678862234.6009,73.14473645133548,60375.44395631152,60390.01388716216,-14.56993085063732,-538.439821891714,59969.88779492903,1229.9729180960196,62429.83363112107,57509.94195873699,0.0,1150.053537826061,1150.053537826061,1150.053537826061,607.8486540582536,,,,58227.01424001136,63094.28207634465,100.0,98.41126510581819
2024-08-26 00:00:00+00:00,64082.61540967799,17875230147.044323,63302.285173599776,,61233.14326030216,62179.554303567624,63238.07386334073,-301803632087.5566,73.81274591027301,60945.77802606021,60663.53992586704,282.2381001931717,-374.3042374747369,60196.19349867711,1529.7607112912642,63255.714921259634,57136.67207609458,0.0,988.3333333333358,988.3333333333358,988.3333333333358,623.3542373898277,,,,58227.01424001136,64082.61540967799,100.0,100.0
2024-08-27 00:00:00+00:00,63706.91565341362,17894692681.091812,63253.92905458369,,61330.15394238497,62209.7990827725,63240.66113314072,-319698324768.6484,68.84349610977407,61370.568430268424,60888.97516494456,481.5932653238633,-203.12473691501685,60310.521562995506,1701.8313809214965,63714.1843248385,56906.85880115251,0.0,375.69975626436644,375.69975626436644,375.69975626436644,610.0654154589164,,,,58227.01424001136,64082.61540967799,93.58392511070292,97.86130837023431
2024-08-28 00:00:00+00:00,62163.38240878455,38131727427.91789,63189.84678734477,,61362.82956851829,62208.879940713334,63228.14043452828,-357830052196.5663,58.44743429214134,61492.5398115786,60983.3757015253,509.16411005330156,-60.66696752135317,60366.19476601718,1744.9591539430605,63856.1130739033,56876.276458131055,0.0,1543.5332446290704,1543.5332446290704,1543.5332446290704,718.5779250108275,,,,58227.01424001136,64082.61540967799,67.22398016388975,86.93596842486421
2024-08-29 00:00:00+00:00,60488.147855077696,42018989572.42786,63107.00428868214,,61328.528324853956,62174.80603802748,63193.49211771495,-399849041768.99414,54.67441956922287,61338.017972116926,60946.69215734399,391.3258147729357,29.731588937504597,60373.775218187206,1745.1528412157622,63864.080900618734,56883.46953575568,0.0,1675.234553706854,1675.234553706854,1675.234553706854,768.16610741846,,,,58227.01424001136,64082.61540967799,38.614884271482346,66.474263182025
2024-08-30 00:00:00+00:00,59195.285739490144,32563333956.986053,63008.475428023536,,61244.87175287891,62115.80563607624,63154.690846655336,-432412375725.9802,53.82939031656112,61008.36685940511,60816.95834861408,191.40851079103595,62.06697330821087,60343.56569403333,1760.7769838894724,63865.11966181227,56822.011726254386,0.0,1292.8621155875517,1292.8621155875517,1292.8621155875517,780.2249999278221,,,,58227.01424001136,64082.61540967799,16.535817099269902,40.791560511547324
2024-08-31 00:00:00+00:00,59071.84745844767,44038496614.947586,62911.8848835853,,61159.655113881614,62055.52923651924,63101.79954573766,-476450872340.9278,53.8700925347305,60710.440797719355,60687.69087526842,22.749922450937447,54.20356313675619,60339.40291974517,1763.8303585649767,63867.06363687512,56811.74220261521,0.0,123.43828104247223,123.43828104247223,123.43828104247223,779.6354912287643,,,,58645.61145149757,64082.61540967799,7.8395382866844185,20.996746552478886
2024-09-01 00:00:00+00:00,59053.49420770314,11399086336.303324,62818.216025035625,,61077.06056854129,61996.08299832486,63088.270146628456,-487849958677.23114,51.939592107538864,60455.525937716855,60566.63927026358,-111.11333254672354,21.14018400006024,60295.7597245852,1785.257076785356,63866.27387815592,56725.245571014486,0.0,18.353250744534307,18.353250744534307,18.353250744534307,751.0466368900733,,,,58917.00372288541,64082.61540967799,2.6422908475041473,9.005882077819484
2024-09-02 00:00:00+00:00,58491.39959864396,25465621877.97047,62722.24203983941,,60975.66209913355,61926.68332704405,63054.20412995407,-513315580555.2016,48.030587082832454,60153.35265478256,60412.91781310657,-259.56515832401055,-35.00088446475392,60195.92463580744,1829.22320339474,63854.37104259692,56537.47822901796,0.0,562.0946090591751,562.0946090591751,562.0946090591751,771.8110895808828,,,,58491.39959864396,64082.61540967799,0.0,3.4939430447295172
2024-09-03 00:00:00+00:00,58459.65091982277,28012782290.96625,62628.75617133335,,60876.994994062545,61858.029219970354,63017.05246038045,-541328362846.16785,46.754887966548026,59892.78315709643,60268.231376567026,-375.44821947059245,-103.09035146592163,60095.720018633714,1868.2554953534152,63832.23100934055,56359.20902792688,0.0,31.74867882118997,31.74867882118997,31.74867882118997,757.5783756531418,,,,58459.65091982277,64082.61540967799,0.0,0.8807636158347111
2024-09-04 00:00:00+00:00,57573.57205760749,26829983370.35861,62525.98597811129,,60747.4489965545,61773.188484081984,62975.2188459008,-568158346216.5265,43.241252513713064,59535.981449482744,60068.62698257003,-532.645533087285,-189.00138779019431,60000.261458349225,1948.2844872583664,63896.83043286596,56103.69248383249,0.0,886.0788622152832,886.0788622152832,886.0788622152832,819.1365888004564,,,,57573.57205760749,64082.61540967799,0.0,0.0
2024-09-05 00:00:00+00:00,57527.333333333336,37550380696.7459,62424.86165092021,,60621.16995093798,61689.1121444632,62917.2460297462,-605708726913.2723,39.06549975348688,59226.958662382836,59880.3830085525,-653.4243461696606,-281.8859794660876,59958.692842873876,1993.4966033363012,63945.68604954648,55971.69963620127,0.0,46.238724274153356,46.238724274153356,46.238724274153356,768.4225391696912,,,,57527.333333333336,64082.61540967799,0.0,0.0
2024-09-06 00:00:00+00:00,56717.0,30005773445.693718,62311.18952756606,,60468.06524697963,61590.6544782362,62864.96808430465,-635714500358.9661,33.450635778115654,58840.8111758624,59646.05834125231,-805.247165389912,-386.5582166508525,59883.19213087331,2088.847579489325,64060.887289851955,55705.49697189466,0.0,810.3333333333358,810.3333333333358,810.3333333333358,790.5641061444741,,,,56717.0,64082.61540967799,0.0,0.0
2024-09-07 00:00:00+00:00,55924.11870357302,50260816556.81667,62179.936308752156,,60289.87126488526,61478.44584903495,62768.30599281302,-685975316915.7827,20.767321055090676,58392.08925704865,59370.359108831624,-978.2698517829776,-504.9005436772776,59747.11749347707,2255.691402026746,64258.50029753056,55235.734689423574,0.0,792.8812964269819,792.8812964269819,792.8812964269819,735.4916840903118,,,,55924.11870357302,64082.61540967799,0.0,0.0
2024-09-08 00:00:00+00:00,54901.431489875424,17048448412.007126,62026.97427604005,,60078.55990115939,61348.207940932785,62731.31854335036,-703023765327.7898,9.718586524139795,57855.06498517584,59039.327433353385,-1184.262448177542,-640.7729245773305,59546.33888182657,2499.053223647317,64544.4453291212,54548.232434531936,0.0,1022.6872136975944,1022.6872136975944,1022.6872136975944,726.394089509707,,,,54901.431489875424,64082.61540967799,0.0,0.0
2024-09-09 00:00:00+00:00,54325.76482320876,18644823662.23431,61861.75126163758,,59852.96009418093,61209.14966137389,62688.3189326141,-721668588990.024,0.0,57312.095729488596,58690.174647416745,-1378.0789179281492,-788.2341232474943,59305.22660315227,2758.652403455392,64822.53141006305,53787.921796241484,0.0,575.6666666666642,575.6666666666642,575.6666666666642,696.9178990335162,,,,54325.76482320876,63706.91565341362,0.0,0.0
2024-09-10 00:00:00+00:00,55393.64611963573,35655419448.07046,61711.45588946034,,59678.08503635563,61093.99117539888,62617.64759820378,-686013169541.9536,10.21990633663782,57016.94963566508,58445.9873490626,-1429.0377133975198,-916.3948412774994,59118.72158320694,2894.322418544849,64907.36642029664,53330.07674611724,0.0,1067.8812964269673,1067.8812964269673,1067.8812964269673,746.3594376165591,,,,54325.76482320876,62163.38240878455,13.62507528298238,4.541691760994122
2024-09-11 00:00:00+00:00,56551.38726112048,29676093302.30697,61578.96957972193,,59555.4694373268,61004.038622640895,62569.12412868134,-656337076239.6466,22.116360463599577,56945.32465496591,58305.646601807624,-1360.3219468417155,-1005.1802623903427,58952.291849380614,2943.5268324653407,64839.345514311295,53065.23818444993,0.0,1157.741141484752,1157.741141484752,1157.741141484752,718.8028588205364,,,,54325.76482320876,60488.147855077696,36.116262595198165,16.58044595939351
2024-09-12 00:00:00+00:00,57612.38726112048,37765652735.2964,61460.77802816823,,59479.2701362991,60936.87720954148,62519.176090245644,-618571423504.3502,34.78273399695696,57047.94967129738,58254.29405805302,-1206.3443867556416,-1045.4130872634025,58813.89454576998,2937.915655772606,64689.72585731519,52938.06323422477,0.0,1061.0,1061.0,1061.0,674.9289621271897,,,,54325.76482320876,59195.285739490144,67.49375337772555,39.078363751968695
2024-09-13 00:00:00+00:00,57871.05392778714,34177859933.02337,61344.61375921224,,59416.202834004514,60876.16783762555,62477.17066522222,-584393563571.3269,42.131540650232644,57174.58109537272,58225.905900255544,-1051.3248048828245,-1046.5954307872871,58610.2358152334,2849.340085764336,64308.91598676207,52911.55564370473,0.0,258.66666666666424,258.66666666666424,258.66666666666424,601.0578586328405,,,,54325.76482320876,59071.84745844767,74.69927047319347,59.43642881537239
2024-09-14 00:00:00+00:00,58869.87582431918,31919740723.76027,61245.057548542085,,59394.7782453894,60836.43928290661,62446.97991418028,-552473822847.5667,48.91298479862546,57435.39566905679,58273.60737611211,-838.2117070553213,-1004.918686040894,58399.01550263213,2648.976974487668,63696.96945160747,53101.06155365679,0.0,998.8218965320339,998.8218965320339,998.8218965320339,663.5852597392378,,,,54325.76482320876,59053.49420770314,96.116140149938,79.43638800028567
2024-09-15 00:00:00+00:00,59508.975624595994,15800120841.166773,61156.657806083305,,59399.25657398574,60810.15287383116,62434.85858405864,-536673702006.3999,52.29787188879266,57754.40796990898,58365.116135259064,-610.7081653500863,-926.0765819027325,58170.333513378035,2307.964422565621,62786.26235850928,53554.40466824679,0.0,639.0998002768174,639.0998002768174,639.0998002768174,707.9242989915438,,,,54325.76482320876,59508.975624595994,100.0,90.27180354104382
2024-09-16 00:00:00+00:00,59946.243047268676,17289597542.866756,61081.940273329645,,59420.7070239184,60793.04574855269,62423.6738961443,-519384104463.53314,57.43320380982608,58091.61336642586,58482.23664725978,-390.6232808339191,-818.9859216889699,57982.29988307079,1960.1325908081385,61902.56506468706,54062.03470145451,0.0,437.2674226726813,437.2674226726813,437.2674226726813,699.0080713925084,,,,54325.76482320876,59946.243047268676,100.0,98.70538004997934
2024-09-17 00:00:00+00:00,59143.07496671158,32196570894.402115,61003.58463840409,,59409.81949226323,60760.37305980336,62396.44535910902,-551580675357.9353,53.23666563793411,58253.37668954674,58531.187633885835,-277.8109443390931,-710.7509262189946,57831.28451096713,1723.0650559419448,61277.41462285102,54385.15439908324,0.0,803.1680805570941,803.1680805570941,803.1680805570941,754.1094572307874,,,,54325.76482320876,59946.243047268676,85.70996900016577,95.23665633338858
2024-09-18 00:00:00+00:00,59247.652492922265,34191170117.78261,60933.054886027,,59403.460002093,60730.41819709284,62368.934225638266,-517389505240.1527,58.56216814444013,58406.34219775836,58584.259104925564,-177.91690716720768,-604.1841224086372,57769.259742859365,1642.8528547846724,61054.96545242871,54483.55403329002,0.0,104.57752621068357,104.57752621068357,104.57752621068357,698.2879332304589,,,,54325.76482320876,59946.243047268676,87.57062074618646,91.09352991545074
2024-09-19 00:00:00+00:00,59989.52243189795,40445339415.1129,60870.22643018741,,59426.44284247751,60715.74699382165,62344.59408758592,-476944165825.0398,61.7564386281065,58649.90838762598,58688.3526847013,-38.44429707531526,-491.03615734197285,57808.97157747976,1688.1135565461136,61185.19869057198,54432.744464387535,0.0,741.8699389756875,741.8699389756875,741.8699389756875,747.9758771377112,,,,54325.76482320876,59989.52243189795,100.0,91.09352991545074
2024-09-20 00:00:00+00:00,61574.65779450423,41959080716.28771,60821.75162716735,,59510.686566086406,60732.75512848863,62336.5090674642,-434985085108.7521,71.59637758566534,59099.86983483802,58902.15306320522,197.71677163279674,-353.285571547019,57934.11209428258,1869.6629928742282,61673.43808003104,54194.78610853412,0.0,1585.1353626062773,1585.1353626062773,1585.1353626062773,803.3188792286356,,,,54325.76482320876,61574.65779450423,99.99999999999999,95.85687358206216
2024-09-21 00:00:00+00:00,62511.72198159949,35587830476.533394,60786.25137494132,,59628.37422943986,60767.98219488686,62338.05580669391,-399397254632.2187,78.91672072023323,59624.77016510902,59169.52853864183,455.2416264671847,-191.58013194417828,58107.0234829774,2121.5769138885635,62350.17731075452,53863.86965520027,0.0,937.0641870952604,937.0641870952604,937.0641870952604,813.6176571335127,,,,54325.76482320876,62511.72198159949,100.0,100.0
2024-09-22 00:00:00+00:00,63166.052069704245,12938083115.659332,60762.98930097539,,59767.106693763955,60815.46872706147,62340.70464964236,-386459171516.5593,87.49048756717387,60169.582765815976,59465.56731872053,704.015447095444,-12.461016136253846,58340.75610653041,2404.755047008224,63150.26620054686,53531.24601251396,0.0,654.3300881047544,654.3300881047544,654.3300881047544,787.3064338768812,,,,54325.76482320876,63166.052069704245,100.0,100.0
2024-09-23 00:00:00+00:00,63371.40881975195,20349365412.816723,60747.16650971367,,59908.451875175255,60866.08140216424,62345.864808471284,-366109806103.7426,92.45991760527528,60662.171389498435,59754.88891138953,907.2824781089075,171.48768271277845,58586.344001526864,2655.2941391943664,63896.9322799156,53275.75572313813,0.0,205.35675004770746,205.35675004770746,205.35675004770746,760.8557255469558,,,,55393.64611963573,63371.40881975195,100.0,100.0
2024-09-24 00:00:00+00:00,63437.67615433654,23998847798.757656,60735.465360222726,,60046.852827299226,60917.00407052409,62352.27335430567,-342110958304.985,91.67733053585678,61089.17212255045,60027.687966422636,1061.4841561278154,349.48697739578586,58879.54920636333,2853.9122100501254,64587.37362646358,53171.724786263076,0.0,66.26733458459057,66.26733458459057,66.26733458459057,689.3118711296431,,,,56551.38726112048,63437.67615433654,100.0,100.0
2024-09-25 00:00:00+00:00,63747.92295417041,31490984593.70592,60729.09058246171,,60191.99283227457,60973.061870200254,62362.94059224228,-310619973711.27905,90.87606756223354,61498.21071203044,60303.260928478034,1194.949783552409,518.5795386271104,59190.57868740518,3032.1893390603273,65254.95736552583,53126.20000928453,0.0,310.24679983386886,310.24679983386886,310.24679983386886,628.776561011723,,,,57612.38726112048,63747.92295417041,100.0,100.0
2024-09-26 00:00:00+00:00,63604.35629575878,26087643765.748165,60726.69119489525,,60325.81100731317,61025.166710310325,62370.75147753235,-336707617477.0272,87.99388597782016,61822.23310952711,60547.786511239574,1274.4465982875336,669.752950559195,59534.94650219311,3126.123621038596,65787.1937442703,53282.699260115915,0.0,143.5666584116334,143.5666584116334,143.5666584116334,563.2456080411254,,,,57871.05392778714,63747.92295417041,97.557089365662,99.18569645522065
2024-09-27 00:00:00+00:00,64205.60372766888,37995568903.94455,60742.66557934592,,60477.95974144476,61088.14566114911,62387.41322341284,-298712048573.08264,88.49377101581541,62188.905512318146,60818.73593467878,1370.169577639368,809.8362759752297,59949.02075339791,3170.8220817045612,66290.66491680703,53607.37658998879,0.0,601.247431910102,601.247431910102,601.247431910102,587.7156627013709,,,,58869.87582431918,64205.60372766888,100.0,99.18569645522065
2024-09-28 00:00:00+00:00,64691.223519887695,32664917503.931107,60771.72779377892,,60643.18577197194,61159.49373755977,62405.25908381311,-266047131069.15155,87.72835807153047,62573.87751348269,61105.58686691648,1468.290646566209,941.5271500934256,60438.51035489852,3105.567742894348,66649.64584068721,54227.37486910982,0.0,485.61979221881484,485.61979221881484,485.61979221881484,551.058369536141,,,,59143.07496671158,64691.223519887695,100.0,99.18569645522065
2024-09-29 00:00:00+00:00,65618.6260200211,15342911002.84781,60818.30223718109,,60838.301075817006,61247.79338671742,62416.90838849717,-250704220066.30374,88.17042910828035,63042.300360642446,61439.88606344275,1602.414297199699,1073.7045795146803,61003.15341473914,2958.8224344789674,66920.79828369708,55085.50854578121,0.0,927.4025001334012,927.4025001334012,927.4025001334012,571.6514195258969,,,,59143.07496671158,65618.6260200211,100.0,100.0
2024-09-30 00:00:00+00:00,65796.26636215144,12948707838.938381,60862.65504950388,,61032.73108704581,61337.86215850819,62427.21618482897,-237755512227.36536,87.77380228407338,63465.98743779768,61762.580900384135,1703.4065374135462,1199.6449710944535,61523.28442686492,2832.4678473028007,67188.22012147053,55858.34873225932,0.0,177.6403421303403,177.6403421303403,177.6403421303403,553.1066280585868,,,,59143.07496671158,65796.26636215144,100.0,100.0
2024-10-01 00:00:00+00:00,64947.024095226916,35124446789.27111,60903.35982879291,,61186.23277364115,61409.33071171054,62447.8939483522,-272879959016.63647,87.2546326645786,63693.839231248334,61998.4655814836,1695.3736497647333,1298.7907068285094,61943.066268570255,2674.563456868858,67292.19318230796,56593.93935483254,0.0,849.2422669245207,849.2422669245207,849.2422669245207,556.3976413705459,,,,59247.652492922265,65796.26636215144,87.03172482172195,95.67724160724065
2024-10-02 00:00:00+00:00,63259.87791166423,54251488433.95029,60926.81132301993,,61267.55219081853,61445.97521071953,62458.05680451272,-327131447450.5868,71.40507550434552,63627.07595131232,62091.90353186735,1535.1724194449707,1346.0670493518016,62225.44080109743,2484.6582812486354,67194.7573635947,57256.12423860016,0.0,1687.1461835626833,1687.1461835626833,1687.1461835626833,669.4382597528316,,,,59989.52243189795,65796.26636215144,56.31995347216074,81.1172260979609
2024-10-03 00:00:00+00:00,61590.501220112616,41870731291.86736,60929.663221951596,,61280.21685863399,61448.837111895635,62449.75658709533,-369002178742.45416,57.772011530742766,63313.75676189698,62054.762619885514,1258.9941420114628,1328.652467883734,62411.413165713704,2271.653206691877,66954.71957909747,57868.10675232995,0.0,1669.3766915516171,1669.3766915516171,1669.3766915516171,735.6887420796837,,,,61574.65779450423,65796.26636215144,0.3752935724501684,47.908990622110956
2024-10-04 00:00:00+00:00,60752.03076246233,37711138441.76231,60915.7879986742,,61259.503678391964,61435.0389663623,62435.25242754688,-406713317184.2165,45.694394583228366,62919.64506967626,61958.26396378009,961.3811058961728,1255.198195486222,62505.520912620865,2153.1090787774797,66811.73907017583,58199.3027550659,0.0,838.4704576502845,838.4704576502845,838.4704576502845,682.3555345828271,,,,60752.03076246233,65796.26636215144,0.0,18.898415681536964
2024-10-05 00:00:00+00:00,61162.144738831325,30349059838.684578,60902.086842243254,,61255.68568076214,61429.63512027258,62426.559020700384,-376364257345.5319,42.52396873018302,62649.26040339242,61899.292169339446,749.9682340529762,1154.1522031995728,62588.17936833263,2061.813494963706,66711.80635826004,58464.55237840522,0.0,410.11397636899346,410.11397636899346,410.11397636899346,644.7162338166652,,,,60752.03076246233,65796.26636215144,8.130349351530493,2.835214307993549
2024-10-06 00:00:00+00:00,61640.935669906496,11095453162.990673,60901.472638706815,,61270.79352347368,61433.81928957226,62424.60262724252,-365268804182.54126,41.38399837534916,62494.133521317664,61880.15465086293,613.9788704547318,1046.1175366506047,62672.91399946452,1980.753004311142,66634.4200080868,58711.40799084224,0.0,478.7909310751711,478.7909310751711,478.7909310751711,632.1777226002663,,,,60752.03076246233,65796.26636215144,17.622192498283606,8.584180616604696
2024-10-07 00:00:00+00:00,62335.58092871306,14592422860.685436,60926.57371490889,,61312.549892306604,61451.675955693856,62424.31202428887,-350676381321.85583,44.454750190447626,62469.74081476311,61913.88993070368,555.8508840594295,948.0642061323697,62832.539297564595,1801.8804812468709,66436.30026005834,59228.778335070856,0.0,694.6452588065658,694.6452588065658,694.6452588065658,667.1269017973276,,,,60752.03076246233,65796.26636215144,31.393263358839352,19.04860173621781
2024-10-08 00:00:00+00:00,62397.04080613782,33878876147.30253,60969.965063838645,,61355.07894775097,61470.39605174225,62424.1068933285,-316797505174.5533,44.4261446959799,62458.55619805153,61949.678884439534,508.8773136119926,860.2268276282944,62990.00871322537,1598.2063186393534,66186.42135050407,59793.59607594666,0.0,61.459877424756996,61.459877424756996,61.459877424756996,666.7835120001967,,,,60752.03076246233,65796.26636215144,32.611681416642696,27.20904575792188
2024-10-09 00:00:00+00:00,62467.39661107315,28626429276.55382,61020.77395951808,,61398.699248273406,61490.138637075535,62424.38029306667,-288171075897.99945,42.96033349727543,62459.91626159332,61988.02834567166,471.88791592165944,782.5590452869675,63113.90242218414,1441.749992275969,65997.40240673607,60230.402437632205,0.0,70.35580493533053,70.35580493533053,70.35580493533053,649.6484409360154,,,,60752.03076246233,65796.26636215144,34.00645776173781,32.67046751240662
2024-10-10 00:00:00+00:00,61807.1300350356,28530748117.898792,61069.34285192521,,61414.716141871926,61496.415694460884,62420.51933119055,-316701824015.89825,40.65091680353882,62359.48761135367,61974.62847080973,384.8591405439365,703.0190643383614,63125.52603421071,1429.5729146030944,65984.6718634169,60266.38020500452,0.0,660.2665760375457,660.2665760375457,660.2665760375457,686.5555779092948,,,,60752.03076246233,65796.26636215144,20.916930855456112,29.178356677945533
2024-10-11 00:00:00+00:00,61109.72691257484,29481971885.649742,61111.1867868329,,61402.755779938714,61488.75849085918,62412.101243813326,-346183795901.548,34.05491382180816,62167.216734618465,61910.561688718255,256.6550459002101,613.7462606507312,63055.42628075947,1494.169489791927,66043.76526034332,60067.08730117562,0.0,697.4031224607606,697.4031224607606,697.4031224607606,693.4238415200562,,,,60752.03076246233,65796.26636215144,7.0911864254428885,20.671525014212268
2024-10-12 00:00:00+00:00,61139.507073552035,32008659336.482643,61154.1357921575,,61392.432301256886,61481.84262120954,62403.289481567466,-314175136565.0653,30.805878168021962,62009.10755599286,61853.44653203928,155.6610239535803,522.1292133113011,62954.09903095185,1553.7979095814048,66061.69485011467,59846.503211789044,0.0,29.78016097719228,29.78016097719228,29.78016097719228,660.8638678599402,,,,60752.03076246233,65796.26636215144,7.681566481819076,11.896561254239353
2024-10-13 00:00:00+00:00,61931.76394731057,17665963646.417107,61198.92794319705,,61413.58256188644,61490.75195439965,62401.49437027738,-296509172918.6482,29.780175005152373,61997.208539272506,61859.24782205938,137.9607172131291,445.2955140916667,62882.116787329796,1566.740895315887,66015.59857796157,59748.63499669802,0.0,792.2568737585316,792.2568737585316,792.2568737585316,651.2106088331639,,,,60752.03076246233,65796.26636215144,23.38774947230749,12.720167459856478
2024-10-14 00:00:00+00:00,62809.88159676534,16784552979.060463,61250.09109824566,,61468.33938678365,61516.8733334564,62402.966217435525,-279724619939.5877,34.790387944874695,62122.23516350218,61929.665138704266,192.57002479791117,394.7504162329156,62850.72705945124,1561.3039260453925,65973.33491154203,59728.119207360454,0.0,878.1176494547763,878.1176494547763,878.1176494547763,701.2447022134808,,,,60752.03076246233,64947.024095226916,49.05492502766021,26.708080327262255
2024-10-15 00:00:00+00:00,64029.09974481489,46553796134.14602,61313.743149956725,,61568.761361608405,61566.62039110707,62419.06052661195,-233170823805.44168,45.494806348312906,62415.5989452426,62085.17881323098,330.420132011619,381.88435938865626,62864.78589898346,1571.0435307202456,66006.87296042395,59722.698837542965,0.0,1219.2181480495492,1219.2181480495492,1219.2181480495492,727.6715508652685,,,,60752.03076246233,64029.09974481489,100.0,57.480891499989234
2024-10-16 00:00:00+00:00,65280.582852712345,51797932876.82809,61385.08164323207,,61714.32298871052,61640.16420222796,62450.228905398944,-181372890928.6136,60.36074189629856,62856.36570023795,62321.875408748114,534.4902914898339,412.4055458088918,62948.59722683113,1655.0401729786136,66258.67757278835,59638.5168808739,0.0,1251.483107897453,1251.483107897453,1251.483107897453,696.5527597463234,,,,60752.03076246233,65280.582852712345,100.0,83.0183083425534
2024-10-17 00:00:00+00:00,66886.58633990563,40640495380.19594,61460.633053843354,,61917.156845620135,61744.05374950871,62487.82082049477,-140732395548.41766,77.33219115709191,63476.3996448022,62660.002144389415,816.397500412786,493.20393672967066,63082.64635744297,1858.3001716690312,66799.24670078103,59366.04601410491,0.0,1606.0034871932803,1606.0034871932803,1606.0034871932803,692.0261022921566,,,,60752.03076246233,66886.58633990563,100.0,100.0
2024-10-18 00:00:00+00:00,67312.62312088883,34512072357.92087,61517.32416301207,,62128.74375837577,61854.32244993208,62522.29116126115,-106220323190.4968,85.36352213129906,64066.58787189245,63004.64073524123,1061.9471366512225,606.9525767139811,63213.71633749304,2059.3037552433125,67332.32384797966,59095.108827006414,0.0,426.0367809832096,426.0367809832096,426.0367809832096,662.5665539587941,,,,61109.72691257484,67312.62312088883,100.0,100.0
2024-10-19 00:00:00+00:00,67813.75620812865,39984956633.228035,61558.99487934162,,62351.68542307196,61972.331039203294,62565.73093585112,-66235366557.26876,85.50574548881484,64643.07530823648,63360.871511010664,1282.2037972258186,742.0028208163486,63323.4728468984,2244.4053669655123,67812.28358082943,58834.66211296738,0.0,501.13308723981027,501.13308723981027,501.13308723981027,669.0679190209952,,,,61109.72691257484,67813.75620812865,100.0,100.0
2024-10-20 00:00:00+00:00,68060.86525545665,14110889435.452631,61592.49006579896,,62575.574828263525,62092.89607318851,62581.60511623142,-52124477121.81613,85.13815300794997,65168.889146270354,63709.019195784436,1459.8699504859178,885.5762467502625,63436.702791563665,2425.5385970544717,68287.7799856726,58585.625597454724,0.0,247.10904732800554,247.10904732800554,247.10904732800554,652.5192130390549,,,,61109.72691257484,68060.86525545665,100.0,100.0
2024-10-21 00:00:00+00:00,68605.77322559901,17253863432.786995,61634.35406770813,,62812.05319678649,62221.86393759268,62602.8087716247,-34870613689.02914,84.89049123912588,65697.64054309015,64071.74171651144,1625.898826578712,1033.6407627159524,63619.640248082265,2670.998321956442,68961.63689199515,58277.64360416938,0.0,544.9079701423616,544.9079701423616,544.9079701423616,641.8236924201831,,,,61109.72691257484,68605.77322559901,100.00000000000001,100.0
2024-10-22 00:00:00+00:00,68248.85274248861,40485496091.95008,61667.557822936185,,63025.26102210814,62341.210250560915,62649.05740650912,-75356109780.97922,81.52578812409448,66090.13472761298,64381.1573480653,1708.9773795476794,1168.708086082298,63869.088989623495,2861.78169170446,69592.65237303241,58145.52560621458,0.0,356.9204831103998,356.9204831103998,356.9204831103998,662.928021397729,,,,61109.72691257484,68605.77322559901,95.23855018758007,98.41285006252669
2024-10-23 00:00:00+00:00,67902.9116243127,31398389967.38113,61687.06966410734,,63216.54143788087,62451.34295103125,62682.22319685732,-106754499748.36035,78.43860654652289,66369.02348095141,64642.028035194744,1726.9954457566637,1280.3655580171712,64184.7095098335,2944.1604212740626,70073.03035238163,58296.38866728537,0.0,345.941118175906,345.941118175906,345.941118175906,682.6126866291987,,,,61109.72691257484,68605.77322559901,90.62356911982916,95.28737310246974
2024-10-24 00:00:00+00:00,67143.29125263474,32676918488.059,61685.22339837788,,63370.531626694756,62544.25281838973,62711.339822395414,-139431418236.41934,77.6315199014869,66488.14159967192,64827.306792042145,1660.8348076297698,1356.4594079396911,64504.27253434211,2898.4664107553112,70301.20535585274,58707.33971283149,0.0,759.620371677971,759.620371677971,759.620371677971,689.7093863178005,,,,61109.72691257484,68605.77322559901,80.48995547928705,88.78402492889876
2024-10-25 00:00:00+00:00,67416.35601737403,35892606570.03549,61683.04723165633,,63529.191406721395,62640.730109458724,62744.83056792398,-103538811666.38385,84.15785915899978,66630.94381777993,65019.0882161408,1611.8556016391303,1407.538646679579,64816.983098269244,2855.9789291022853,70528.94095647382,59105.02524006467,0.0,273.0647647392907,273.0647647392907,273.0647647392907,659.3995036234098,,,,61139.507073552035,68605.77322559901,84.06945072673453,85.06099177528358
2024-10-26 00:00:00+00:00,67161.22849067052,48426924850.053406,61682.53194713751,,63671.62423354293,62730.244928888664,62786.8415450548,-151965736516.43726,81.83757722868455,66712.5260751477,65177.765273513374,1534.7608016343293,1432.9830776705292,65092.99773930745,2799.0621058648726,70691.1219510372,59494.87352757771,0.0,255.12752670350892,255.12752670350892,255.12752670350892,675.4957440324324,,,,61931.76394731057,68605.77322559901,78.35566786477484,80.97169135693214
2024-10-27 00:00:00+00:00,67272.62747453833,21169467789.89267,61692.079335234084,,63812.84004691529,62820.19309810945,62805.417621446984,-130796268726.54459,80.42851700096315,66798.6955212078,65332.94025136707,1465.7552698407308,1439.5375161045697,65339.850066598716,2760.5199897545776,70860.89004610787,59818.81008708956,0.0,111.39898386780987,111.39898386780987,111.39898386780987,626.8630376116665,,,,62809.88159676534,68605.77322559901,76.99843550510002,79.80785136553646
2024-10-28 00:00:00+00:00,67180.79483363258,16533385730.434193,61706.90089618671,,63944.91670521793,62906.54164732773,62819.52286121249,-147329654456.9788,77.3530914082134,66857.48003081161,65469.81836857193,1387.6616622396832,1429.1623453315924,65579.03776797345,2698.670996746114,70976.37976146568,60181.695774481224,0.0,91.83264090574812,91.83264090574812,91.83264090574812,570.6998227153074,,,,64029.09974481489,68605.77322559901,68.86432038576865,74.73947458521451
2024-10-29 00:00:00+00:00,68267.34122568408,41990540384.96554,61725.99499099162,,64114.423549157786,63012.696094423896,62863.764980423395,-105339114072.01324,76.9706862868235,67074.38175309967,65677.04228391357,1397.339469186103,1422.7977701024945,65869.034998704,2658.0203826759043,71185.0757640558,60552.99423335219,0.0,1086.546392051503,1086.546392051503,1086.546392051503,561.223268715447,,,,65280.582852712345,68605.77322559901,89.82217671882856,78.5616442032324
2024-10-30 00:00:00+00:00,70188.32391386903,65487782004.97014,61755.45933514683,,64352.61572032293,63154.7877344129,62955.37386308901,-39851332067.043106,78.77891817767318,67553.44977783342,66011.2112935399,1542.2384842935135,1446.6859129406985,66288.09469264567,2644.5707939171834,71577.23628048004,60998.9531048113,0.0,1920.982688184944,1920.982688184944,1920.982688184944,609.0446673074106,,,,66886.58633990563,70188.32391386903,100.0,86.22883236819906
2024-10-31 00:00:00+00:00,71656.34644134338,43498144313.67304,61791.296291828796,,64639.03653291197,63323.135431579845,63027.061025533796,3646812246.629936,78.42986234665031,68184.66464914264,66429.36945263646,1755.2951965061802,1508.4077696537947,66815.4256690841,2608.9160261066595,72033.25772129741,61597.59361687078,0.0,1468.022527474357,1468.022527474357,1468.022527474357,599.1888844703446,,,,67143.29125263474,71656.34644134338,100.0,96.60739223960951
2024-11-01 00:00:00+00:00,71796.24404953133,45907074188.570145,61832.36547648338,,64919.71133748528,63490.91976064819,63102.65403410141,49553886435.20008,77.66811506165601,68740.29224920244,66826.91571907312,1913.376530129317,1589.4015217488993,67348.26251788306,2473.4017857511526,72295.06608938536,62401.45894638076,0.0,139.89760818795185,139.89760818795185,139.89760818795185,578.7503721278263,,,,67143.29125263474,71796.24404953133,100.0,100.0
2024-11-02 00:00:00+00:00,70705.18054365639,54863092261.31101,61868.6452172953,,65146.59248282532,63633.776409816666,63180.17691035049,-5309205826.110931,66.63184209309897,69042.5827560415,67114.19459496817,1928.388161073337,1657.198849613787,67786.93334770037,2228.0320725448355,72242.99749279003,63330.869202610695,0.0,1091.0635058749467,1091.0635058749467,1091.0635058749467,620.8882591731932,,,,67143.29125263474,71796.24404953133,76.55115894142193,92.18371964714065
2024-11-03 00:00:00+00:00,69690.69342889446,14709379754.965973,61906.654982949665,,65324.79251992607,63753.71536068949,63197.927621247785,-20018585581.076904,58.614483465733194,69142.29209032658,67305.04636044419,1837.2457298823865,1693.2082256675071,68130.9739393068,1930.4266115807807,71991.82716246837,64270.12071614524,0.0,1014.4871147619269,1014.4871147619269,1014.4871147619269,675.7009782756161,,,,67143.29125263474,71796.24404953133,54.748076919215215,77.09974528687906
2024-11-04 00:00:00+00:00,69203.52973124175,37659435506.757034,61944.50241599685,,65476.8998615463,63861.63247693805,63239.558472667115,-57678021087.83394,53.17885605139763,69151.71326585198,67445.67475828105,1706.0385075709346,1695.7742820481928,68389.69543862814,1682.583522388295,71754.86248340474,65024.52839385155,0.0,487.1636976527079,487.1636976527079,487.1636976527079,671.576387383498,,,,67143.29125263474,71796.24404953133,44.27808680932986,58.525774223322344
2024-11-05 00:00:00+00:00,68631.98815227214,46183110993.79166,61992.67642359482,,65600.62881412379,63956.09496555853,63285.012910346064,-103861132081.6256,51.99203358482559,69071.75555607046,67533.54982450261,1538.205731567854,1664.260571952125,68557.26570360616,1515.2069113443677,71587.67952629489,65526.85188091742,0.0,571.5415789696126,571.5415789696126,571.5415789696126,686.9064656591561,,,,67143.29125263474,71796.24404953133,31.994670150755194,43.67361129310009
2024-11-06 00:00:00+00:00,68644.07654038661,40025021601.49395,62054.499217190074,,65719.97970534979,64048.92628387195,63323.87874230205,-63836110480.131645,53.99212467624317,69005.9587844268,67615.81106271624,1390.1477217105567,1609.4380019038115,68645.14021363019,1463.2896553634096,71571.71952435702,65718.56090290337,0.0,12.088388114469126,12.088388114469126,12.088388114469126,663.0598420833392,,,,67143.29125263474,71796.24404953133,32.2544705107015,36.17574249026219
2024-11-07 00:00:00+00:00,70916.5364760057,128492534668.23851,62161.782487410244,,65923.7662453755,64184.9185649043,63496.63100661964,64656424188.106865,67.47572245795544,69299.89381390047,67860.30924147842,1439.5845724220562,1575.4673160074606,68825.33588138604,1511.6624744945454,71848.66083037513,65802.01093239695,0.0,2272.4599356190884,2272.4599356190884,2272.4599356190884,771.119810936276,,,,67161.22849067052,71796.24404953133,81.02039653688134,48.423179066112674
2024-11-08 00:00:00+00:00,73647.85112805873,66590396087.4524,62317.74370636499,,66226.67153489249,64372.30336813508,63614.93268589187,131246820275.55927,73.50810819181197,69968.81032377097,68289.01604789177,1679.794275879205,1596.3327079818096,69117.04062738254,1834.5926263917845,72786.22588016611,65447.85537459896,0.0,2731.314652053028,2731.314652053028,2731.314652053028,946.709088601543,,,,67161.22849067052,73647.85112805873,100.0,71.09162234919428
2024-11-09 00:00:00+00:00,76052.71641246656,50687468387.720375,62516.938271537816,,66612.0066281307,64603.59867594362,63724.295361054275,181934288663.27963,78.86159859643084,70904.79587587799,68864.1049637862,2040.6909120917844,1685.2043488038048,69516.63318523303,2381.325149941792,74279.28348511661,64753.98288534945,0.0,2404.8652844078315,2404.8652844078315,2404.8652844078315,1100.2617855804233,,,,67180.79483363258,76052.71641246656,100.0,93.67346551229377
2024-11-10 00:00:00+00:00,76389.16316064051,31430906055.796104,62728.48274851813,,66995.42453136637,64836.976190492074,63792.97398714166,213365194719.07574,79.16598386789826,71748.54468891838,69421.5166820717,2327.028006846682,1813.5690804123803,69905.80268198511,2820.194323072594,75546.1913281303,64265.414035839916,0.0,336.4467481739557,336.4467481739557,336.4467481739557,1116.336625888005,,,,67180.79483363258,76389.16316064051,100.0,100.0
2024-11-11 00:00:00+00:00,77882.32141568343,93473126207.67865,62947.44218557721,,67422.36166408469,65095.29985831764,64016.585281924774,306838320926.7544,81.41956097049827,72692.20264688223,70048.24295863553,2643.9596882467013,1979.6472019792448,70387.47611564485,3303.5515693130237,76994.5792542709,63780.37297701881,0.0,1493.1582550429157,1493.1582550429157,1493.1582550429157,1216.4313126120885,,,,68267.34122568408,77882.32141568343,100.0,100.0
2024-11-12 00:00:00+00:00,81911.45428857277,133959805308.72511,63205.14418913072,,67990.56137484893,65428.29301535239,64414.55648932374,440798126235.4795,84.15703534287486,74110.54905329616,70926.9993534457,3183.549699850453,2220.4277015534867,71087.90324885785,4130.58333646914,79349.06992179614,62826.736575919575,0.0,4029.1328728893423,4029.1328728893423,4029.1328728893423,1426.6160612433628,,,,68631.98815227214,81911.45428857277,100.0,100.0
2024-11-13 00:00:00+00:00,85523.82215770255,134478596435.34444,63477.125307727074,63838.64696694278,68678.14022907848,65826.22428549794,64875.540336637954,575276722670.824,85.39395111220178,75866.43722320483,72008.24548709436,3858.1917361104715,2547.9805084648838,72006.92979411125,5130.488077813808,82267.90594973887,61745.95363848363,0.0,3612.367869129783,3612.367869129783,3612.367869129783,1547.4292884537083,,,,68631.98815227214,85523.82215770255,100.0,100.0
